ID_Number,Strain,Sex,Experiment,Volatile_Location,Final_Direction,Time,Date,Replicate
23,APULIA,F,WIND_TUNNEL,CONTROL,Right,31,4/24/2017,1
24,APULIA,M,WIND_TUNNEL,CONTROL,Top,42,4/24/2017,1
33,APULIA,F,WIND_TUNNEL,PHEROMONE,Top,24,4/24/2017,1
34,APULIA,M,WIND_TUNNEL,PHEROMONE,Right,65,4/24/2017,1
69,APULIA,F,WIND_TUNNEL,OIL,Top,127,4/24/2017,1
70,APULIA,M,WIND_TUNNEL,OIL,Top,29,4/24/2017,1
1,APULIA,F,WIND_TUNNEL,CONTROL,Right,41,5/18/2017,10
2,APULIA,M,WIND_TUNNEL,CONTROL,Top,114,5/18/2017,10
39,APULIA,F,WIND_TUNNEL,OIL,Top,91,5/18/2017,10
40,APULIA,M,WIND_TUNNEL,OIL,Top,24,5/18/2017,10
59,APULIA,F,WIND_TUNNEL,PHEROMONE,Top,29,5/18/2017,10
60,APULIA,M,WIND_TUNNEL,PHEROMONE,Top,56,5/18/2017,10
15,APULIA,F,WIND_TUNNEL,CONTROL,Right,38,4/25/2017,2
16,APULIA,M,WIND_TUNNEL,CONTROL,Top,28,4/25/2017,2
27,APULIA,F,WIND_TUNNEL,OIL,Top,20,4/25/2017,2
28,APULIA,M,WIND_TUNNEL,OIL,Top,30,4/25/2017,2
65,APULIA,F,WIND_TUNNEL,PHEROMONE,Top,52,4/25/2017,2
66,APULIA,M,WIND_TUNNEL,PHEROMONE,Right,16,4/25/2017,2
19,APULIA,F,WIND_TUNNEL,CONTROL,Top,48,4/26/2017,3
20,APULIA,M,WIND_TUNNEL,CONTROL,Right,15,4/26/2017,3
33,APULIA,F,WIND_TUNNEL,PHEROMONE,Top,39,4/26/2017,3
34,APULIA,M,WIND_TUNNEL,PHEROMONE,Top,43,4/26/2017,3
59,APULIA,F,WIND_TUNNEL,OIL,Top,34,4/27/2017,3
60,APULIA,M,WIND_TUNNEL,OIL,Top,27,4/27/2017,3
3,APULIA,F,WIND_TUNNEL,CONTROL,Right,101,4/27/2017,4
4,APULIA,M,WIND_TUNNEL,CONTROL,Top,106,4/27/2017,4
29,APULIA,F,WIND_TUNNEL,PHEROMONE,Top,54,4/27/2017,4
30,APULIA,M,WIND_TUNNEL,PHEROMONE,Top,47,4/27/2017,4
63,APULIA,F,WIND_TUNNEL,OIL,Bottom,176,4/27/2017,4
64,APULIA,M,WIND_TUNNEL,OIL,Top,34,4/27/2017,4
7,APULIA,F,WIND_TUNNEL,CONTROL,Top,37,5/1/2017,5
8,APULIA,M,WIND_TUNNEL,CONTROL,Right,83,5/1/2017,5
29,APULIA,F,WIND_TUNNEL,OIL,Top,99,5/1/2017,5
30,APULIA,M,WIND_TUNNEL,OIL,Top,171,5/1/2017,5
61,APULIA,F,WIND_TUNNEL,PHEROMONE,Top,58,5/1/2017,5
62,APULIA,M,WIND_TUNNEL,PHEROMONE,Top,75,5/1/2017,5
5,APULIA,F,WIND_TUNNEL,CONTROL,Top,24,5/11/2017,6
6,APULIA,M,WIND_TUNNEL,CONTROL,Top,42,5/11/2017,6
31,APULIA,F,WIND_TUNNEL,OIL,Top,51,5/11/2017,6
32,APULIA,M,WIND_TUNNEL,OIL,Top,22,5/11/2017,6
69,APULIA,F,WIND_TUNNEL,PHEROMONE,Top,62,5/11/2017,6
70,APULIA,M,WIND_TUNNEL,PHEROMONE,Top,31,5/11/2017,6
21,APULIA,F,WIND_TUNNEL,CONTROL,Top,116,5/12/2017,7
22,APULIA,M,WIND_TUNNEL,CONTROL,Top,37,5/12/2017,7
41,APULIA,F,WIND_TUNNEL,OIL,Top,32,5/12/2017,7
42,APULIA,M,WIND_TUNNEL,OIL,Top,46,5/12/2017,7
53,APULIA,F,WIND_TUNNEL,PHEROMONE,Top,45,5/12/2017,7
54,APULIA,M,WIND_TUNNEL,PHEROMONE,Top,27,5/12/2017,7
7,APULIA,F,WIND_TUNNEL,CONTROL,Top,79,5/15/2017,8
8,APULIA,M,WIND_TUNNEL,CONTROL,Top,33,5/15/2017,8
29,APULIA,F,WIND_TUNNEL,PHEROMONE,Top,28,5/15/2017,8
30,APULIA,M,WIND_TUNNEL,PHEROMONE,Top,53,5/15/2017,8
61,APULIA,F,WIND_TUNNEL,OIL,Top,41,5/15/2017,8
62,APULIA,M,WIND_TUNNEL,OIL,Top,148,5/15/2017,8
15,APULIA,F,WIND_TUNNEL,CONTROL,Top,25,5/17/2017,9
16,APULIA,M,WIND_TUNNEL,CONTROL,Top,152,5/17/2017,9
33,APULIA,F,WIND_TUNNEL,OIL,Top,35,5/17/2017,9
34,APULIA,M,WIND_TUNNEL,OIL,Top,195,5/17/2017,9
49,APULIA,F,WIND_TUNNEL,PHEROMONE,Top,68,5/17/2017,9
50,APULIA,M,WIND_TUNNEL,PHEROMONE,Top,26,5/17/2017,9
9,ESTILL,F,WIND_TUNNEL,CONTROL,Right,17,4/24/2017,1
10,ESTILL,M,WIND_TUNNEL,CONTROL,Top,21,4/24/2017,1
41,ESTILL,F,WIND_TUNNEL,PHEROMONE,Top,33,4/24/2017,1
42,ESTILL,M,WIND_TUNNEL,PHEROMONE,Top,27,4/24/2017,1
53,ESTILL,F,WIND_TUNNEL,OIL,Top,50,4/24/2017,1
54,ESTILL,M,WIND_TUNNEL,OIL,Top,30,4/24/2017,1
9,ESTILL,F,WIND_TUNNEL,CONTROL,Bottom,9,5/18/2017,10
10,ESTILL,M,WIND_TUNNEL,CONTROL,Top,36,5/18/2017,10
29,ESTILL,F,WIND_TUNNEL,OIL,Top,25,5/18/2017,10
30,ESTILL,M,WIND_TUNNEL,OIL,Top,34,5/18/2017,10
57,ESTILL,M,WIND_TUNNEL,PHEROMONE,Top,48,5/18/2017,10
58,ESTILL,F,WIND_TUNNEL,PHEROMONE,Top,36,5/18/2017,10
9,ESTILL,F,WIND_TUNNEL,CONTROL,Top,26,4/25/2017,2
10,ESTILL,M,WIND_TUNNEL,CONTROL,Right,19,4/25/2017,2
33,ESTILL,F,WIND_TUNNEL,OIL,Top,59,4/25/2017,2
34,ESTILL,M,WIND_TUNNEL,OIL,Top,31,4/25/2017,2
67,ESTILL,F,WIND_TUNNEL,PHEROMONE,Top,44,4/25/2017,2
68,ESTILL,M,WIND_TUNNEL,PHEROMONE,Top,35,4/25/2017,2
21,ESTILL,F,WIND_TUNNEL,CONTROL,Right,17,4/26/2017,3
22,ESTILL,M,WIND_TUNNEL,CONTROL,Top,51,4/26/2017,3
45,ESTILL,F,WIND_TUNNEL,PHEROMONE,Top,54,4/26/2017,3
46,ESTILL,M,WIND_TUNNEL,PHEROMONE,Top,46,4/26/2017,3
51,ESTILL,F,WIND_TUNNEL,OIL,Top,41,4/27/2017,3
52,ESTILL,M,WIND_TUNNEL,OIL,Top,118,4/27/2017,3
17,ESTILL,F,WIND_TUNNEL,CONTROL,Top,45,4/27/2017,4
18,ESTILL,M,WIND_TUNNEL,CONTROL,Top,42,4/27/2017,4
27,ESTILL,F,WIND_TUNNEL,PHEROMONE,Top,68,4/27/2017,4
28,ESTILL,M,WIND_TUNNEL,PHEROMONE,Top,36,4/27/2017,4
67,ESTILL,F,WIND_TUNNEL,OIL,Bottom,67,4/27/2017,4
68,ESTILL,M,WIND_TUNNEL,OIL,Top,90,4/27/2017,4
17,ESTILL,F,WIND_TUNNEL,CONTROL,Top,55,5/1/2017,5
18,ESTILL,M,WIND_TUNNEL,CONTROL,Top,42,5/1/2017,5
41,ESTILL,F,WIND_TUNNEL,OIL,Top,68,5/1/2017,5
42,ESTILL,M,WIND_TUNNEL,OIL,Left,157,5/1/2017,5
55,ESTILL,F,WIND_TUNNEL,PHEROMONE,Top,94,5/1/2017,5
56,ESTILL,M,WIND_TUNNEL,PHEROMONE,Top,107,5/1/2017,5
15,ESTILL,F,WIND_TUNNEL,CONTROL,Top,69,5/11/2017,6
16,ESTILL,M,WIND_TUNNEL,CONTROL,Top,31,5/11/2017,6
37,ESTILL,F,WIND_TUNNEL,OIL,Right,20,5/11/2017,6
38,ESTILL,M,WIND_TUNNEL,OIL,Bottom,30,5/11/2017,6
51,ESTILL,F,WIND_TUNNEL,PHEROMONE,Top,50,5/11/2017,6
52,ESTILL,M,WIND_TUNNEL,PHEROMONE,Top,52,5/11/2017,6
9,ESTILL,F,WIND_TUNNEL,CONTROL,Top,54,5/12/2017,7
10,ESTILL,M,WIND_TUNNEL,CONTROL,Top,29,5/12/2017,7
43,ESTILL,F,WIND_TUNNEL,OIL,Top,40,5/12/2017,7
44,ESTILL,M,WIND_TUNNEL,OIL,Top,32,5/12/2017,7
51,ESTILL,F,WIND_TUNNEL,PHEROMONE,Top,53,5/12/2017,7
52,ESTILL,M,WIND_TUNNEL,PHEROMONE,Top,63,5/12/2017,7
15,ESTILL,F,WIND_TUNNEL,CONTROL,Right,43,5/15/2017,8
16,ESTILL,M,WIND_TUNNEL,CONTROL,Top,47,5/15/2017,8
37,ESTILL,F,WIND_TUNNEL,PHEROMONE,Top,44,5/15/2017,8
38,ESTILL,M,WIND_TUNNEL,PHEROMONE,Bottom,11,5/15/2017,8
59,ESTILL,F,WIND_TUNNEL,OIL,Top,37,5/15/2017,8
60,ESTILL,M,WIND_TUNNEL,OIL,Top,29,5/15/2017,8
19,ESTILL,M,WIND_TUNNEL,CONTROL,Right,13,5/17/2017,9
20,ESTILL,F,WIND_TUNNEL,CONTROL,Top,23,5/17/2017,9
41,ESTILL,F,WIND_TUNNEL,OIL,Left,15,5/17/2017,9
42,ESTILL,M,WIND_TUNNEL,OIL,Top,53,5/17/2017,9
57,ESTILL,M,WIND_TUNNEL,PHEROMONE,Left,21,5/17/2017,9
58,ESTILL,F,WIND_TUNNEL,PHEROMONE,Top,38,5/17/2017,9
15,GA1,F,WIND_TUNNEL,CONTROL,Top,23,4/24/2017,1
16,GA1,M,WIND_TUNNEL,CONTROL,Top,24,4/24/2017,1
35,GA1,F,WIND_TUNNEL,PHEROMONE,Top,23,4/24/2017,1
36,GA1,M,WIND_TUNNEL,PHEROMONE,Top,28,4/24/2017,1
51,GA1,F,WIND_TUNNEL,OIL,Top,20,4/24/2017,1
52,GA1,M,WIND_TUNNEL,OIL,Top,18,4/24/2017,1
11,GA1,M,WIND_TUNNEL,CONTROL,Top,26,5/18/2017,10
12,GA1,F,WIND_TUNNEL,CONTROL,Top,33,5/18/2017,10
43,GA1,F,WIND_TUNNEL,OIL,Top,20,5/18/2017,10
44,GA1,M,WIND_TUNNEL,OIL,Left,9,5/18/2017,10
55,GA1,M,WIND_TUNNEL,PHEROMONE,Bottom,16,5/18/2017,10
56,GA1,F,WIND_TUNNEL,PHEROMONE,Top,17,5/18/2017,10
13,GA1,F,WIND_TUNNEL,CONTROL,Top,18,4/25/2017,2
14,GA1,M,WIND_TUNNEL,CONTROL,Top,28,4/25/2017,2
39,GA1,F,WIND_TUNNEL,OIL,Top,43,4/25/2017,2
40,GA1,M,WIND_TUNNEL,OIL,Right,32,4/25/2017,2
57,GA1,F,WIND_TUNNEL,PHEROMONE,Top,34,4/25/2017,2
58,GA1,M,WIND_TUNNEL,PHEROMONE,Top,27,4/25/2017,2
15,GA1,F,WIND_TUNNEL,CONTROL,Left,152,4/26/2017,3
16,GA1,M,WIND_TUNNEL,CONTROL,Bottom,13,4/26/2017,3
27,GA1,F,WIND_TUNNEL,PHEROMONE,Top,28,4/26/2017,3
28,GA1,M,WIND_TUNNEL,PHEROMONE,Bottom,155,4/26/2017,3
71,GA1,F,WIND_TUNNEL,OIL,Right,18,4/27/2017,3
72,GA1,M,WIND_TUNNEL,OIL,Top,74,4/27/2017,3
7,GA1,F,WIND_TUNNEL,CONTROL,Top,25,4/27/2017,4
8,GA1,M,WIND_TUNNEL,CONTROL,Left,42,4/27/2017,4
25,GA1,F,WIND_TUNNEL,PHEROMONE,Top,86,4/27/2017,4
26,GA1,M,WIND_TUNNEL,PHEROMONE,Right,68,4/27/2017,4
55,GA1,F,WIND_TUNNEL,OIL,Bottom,64,4/27/2017,4
56,GA1,M,WIND_TUNNEL,OIL,Bottom,91,4/27/2017,4
23,GA1,F,WIND_TUNNEL,CONTROL,Right,33,5/1/2017,5
24,GA1,M,WIND_TUNNEL,CONTROL,Top,89,5/1/2017,5
47,GA1,F,WIND_TUNNEL,OIL,Top,32,5/1/2017,5
48,GA1,M,WIND_TUNNEL,OIL,Top,73,5/1/2017,5
53,GA1,F,WIND_TUNNEL,PHEROMONE,Top,40,5/1/2017,5
54,GA1,M,WIND_TUNNEL,PHEROMONE,Top,85,5/1/2017,5
17,GA1,F,WIND_TUNNEL,CONTROL,Bottom,24,5/11/2017,6
18,GA1,M,WIND_TUNNEL,CONTROL,Bottom,32,5/11/2017,6
25,GA1,F,WIND_TUNNEL,OIL,Top,28,5/11/2017,6
26,GA1,M,WIND_TUNNEL,OIL,Top,74,5/11/2017,6
49,GA1,F,WIND_TUNNEL,PHEROMONE,Top,34,5/11/2017,6
50,GA1,M,WIND_TUNNEL,PHEROMONE,Top,36,5/11/2017,6
1,GA1,F,WIND_TUNNEL,CONTROL,Top,40,5/12/2017,7
2,GA1,M,WIND_TUNNEL,CONTROL,Top,29,5/12/2017,7
39,GA1,F,WIND_TUNNEL,OIL,Right,13,5/12/2017,7
40,GA1,M,WIND_TUNNEL,OIL,Top,18,5/12/2017,7
63,GA1,F,WIND_TUNNEL,PHEROMONE,Top,25,5/12/2017,7
64,GA1,M,WIND_TUNNEL,PHEROMONE,Top,24,5/12/2017,7
13,GA1,F,WIND_TUNNEL,CONTROL,Top,63,5/15/2017,8
14,GA1,M,WIND_TUNNEL,CONTROL,Top,26,5/15/2017,8
45,GA1,F,WIND_TUNNEL,PHEROMONE,Top,30,5/15/2017,8
46,GA1,M,WIND_TUNNEL,PHEROMONE,Top,67,5/15/2017,8
49,GA1,F,WIND_TUNNEL,OIL,Bottom,17,5/15/2017,8
50,GA1,M,WIND_TUNNEL,OIL,Top,32,5/15/2017,8
1,GA1,F,WIND_TUNNEL,CONTROL,Top,62,5/17/2017,9
2,GA1,M,WIND_TUNNEL,CONTROL,Top,27,5/17/2017,9
43,GA1,M,WIND_TUNNEL,OIL,Right,12,5/17/2017,9
44,GA1,F,WIND_TUNNEL,OIL,Bottom,4,5/17/2017,9
59,GA1,F,WIND_TUNNEL,PHEROMONE,Top,16,5/17/2017,9
60,GA1,M,WIND_TUNNEL,PHEROMONE,Top,38,5/17/2017,9
21,GA2,F,WIND_TUNNEL,CONTROL,Top,30,4/24/2017,1
22,GA2,M,WIND_TUNNEL,CONTROL,Top,36,4/24/2017,1
31,GA2,F,WIND_TUNNEL,PHEROMONE,Top,50,4/24/2017,1
32,GA2,M,WIND_TUNNEL,PHEROMONE,Top,38,4/24/2017,1
65,GA2,F,WIND_TUNNEL,OIL,Top,40,4/24/2017,1
66,GA2,M,WIND_TUNNEL,OIL,Top,20,4/24/2017,1
21,GA2,M,WIND_TUNNEL,CONTROL,Right,30,5/18/2017,10
22,GA2,F,WIND_TUNNEL,CONTROL,Right,37,5/18/2017,10
37,GA2,M,WIND_TUNNEL,OIL,Right,17,5/18/2017,10
38,GA2,F,WIND_TUNNEL,OIL,Top,28,5/18/2017,10
65,GA2,M,WIND_TUNNEL,PHEROMONE,Top,31,5/18/2017,10
66,GA2,F,WIND_TUNNEL,PHEROMONE,Top,29,5/18/2017,10
7,GA2,F,WIND_TUNNEL,CONTROL,Top,21,4/25/2017,2
8,GA2,M,WIND_TUNNEL,CONTROL,Top,24,4/25/2017,2
43,GA2,F,WIND_TUNNEL,OIL,Top,57,4/25/2017,2
44,GA2,M,WIND_TUNNEL,OIL,Top,60,4/25/2017,2
63,GA2,F,WIND_TUNNEL,PHEROMONE,Top,62,4/25/2017,2
64,GA2,M,WIND_TUNNEL,PHEROMONE,Top,43,4/25/2017,2
23,GA2,F,WIND_TUNNEL,CONTROL,Right,18,4/26/2017,3
24,GA2,M,WIND_TUNNEL,CONTROL,Top,44,4/26/2017,3
39,GA2,F,WIND_TUNNEL,PHEROMONE,Top,66,4/26/2017,3
40,GA2,M,WIND_TUNNEL,PHEROMONE,Top,30,4/26/2017,3
55,GA2,F,WIND_TUNNEL,OIL,Bottom,18,4/27/2017,3
56,GA2,M,WIND_TUNNEL,OIL,Top,55,4/27/2017,3
23,GA2,F,WIND_TUNNEL,CONTROL,Top,65,4/27/2017,4
24,GA2,M,WIND_TUNNEL,CONTROL,Right,136,4/27/2017,4
45,GA2,F,WIND_TUNNEL,PHEROMONE,Top,53,4/27/2017,4
46,GA2,M,WIND_TUNNEL,PHEROMONE,Top,52,4/27/2017,4
71,GA2,F,WIND_TUNNEL,OIL,Top,74,4/27/2017,4
72,GA2,M,WIND_TUNNEL,OIL,Bottom,115,4/27/2017,4
3,GA2,F,WIND_TUNNEL,CONTROL,Bottom,217,5/1/2017,5
4,GA2,M,WIND_TUNNEL,CONTROL,Right,14,5/1/2017,5
35,GA2,F,WIND_TUNNEL,OIL,Top,143,5/1/2017,5
36,GA2,M,WIND_TUNNEL,OIL,Top,107,5/1/2017,5
65,GA2,F,WIND_TUNNEL,PHEROMONE,Top,100,5/1/2017,5
66,GA2,M,WIND_TUNNEL,PHEROMONE,Top,93,5/1/2017,5
21,GA2,F,WIND_TUNNEL,CONTROL,Top,35,5/11/2017,6
22,GA2,M,WIND_TUNNEL,CONTROL,Top,33,5/11/2017,6
41,GA2,F,WIND_TUNNEL,OIL,Bottom,16,5/11/2017,6
42,GA2,M,WIND_TUNNEL,OIL,Bottom,95,5/11/2017,6
55,GA2,F,WIND_TUNNEL,PHEROMONE,Left,25,5/11/2017,6
56,GA2,M,WIND_TUNNEL,PHEROMONE,Top,35,5/11/2017,6
5,GA2,F,WIND_TUNNEL,CONTROL,Right,229,5/12/2017,7
6,GA2,M,WIND_TUNNEL,CONTROL,Left,26,5/12/2017,7
47,GA2,F,WIND_TUNNEL,OIL,Top,44,5/12/2017,7
48,GA2,M,WIND_TUNNEL,OIL,Bottom,72,5/12/2017,7
59,GA2,F,WIND_TUNNEL,PHEROMONE,Left,28,5/12/2017,7
60,GA2,M,WIND_TUNNEL,PHEROMONE,Top,27,5/12/2017,7
3,GA2,F,WIND_TUNNEL,CONTROL,Top,30,5/15/2017,8
4,GA2,M,WIND_TUNNEL,CONTROL,Top,38,5/15/2017,8
39,GA2,F,WIND_TUNNEL,PHEROMONE,Top,46,5/15/2017,8
40,GA2,M,WIND_TUNNEL,PHEROMONE,Top,51,5/15/2017,8
69,GA2,F,WIND_TUNNEL,OIL,Top,44,5/15/2017,8
70,GA2,M,WIND_TUNNEL,OIL,Top,30,5/15/2017,8
23,GA2,F,WIND_TUNNEL,CONTROL,Right,9,5/17/2017,9
24,GA2,M,WIND_TUNNEL,CONTROL,Right,23,5/17/2017,9
47,GA2,M,WIND_TUNNEL,OIL,Left,15,5/17/2017,9
48,GA2,F,WIND_TUNNEL,OIL,Right,86,5/17/2017,9
55,GA2,M,WIND_TUNNEL,PHEROMONE,Top,55,5/17/2017,9
56,GA2,F,WIND_TUNNEL,PHEROMONE,Top,61,5/17/2017,9
1,MOLISE,F,WIND_TUNNEL,CONTROL,Top,40,4/24/2017,1
2,MOLISE,M,WIND_TUNNEL,CONTROL,Top,36,4/24/2017,1
47,MOLISE,F,WIND_TUNNEL,PHEROMONE,Top,44,4/24/2017,1
48,MOLISE,M,WIND_TUNNEL,PHEROMONE,Top,37,4/24/2017,1
57,MOLISE,F,WIND_TUNNEL,OIL,Top,26,4/24/2017,1
58,MOLISE,M,WIND_TUNNEL,OIL,Top,37,4/24/2017,1
17,MOLISE,F,WIND_TUNNEL,CONTROL,Right,28,5/18/2017,10
18,MOLISE,M,WIND_TUNNEL,CONTROL,Top,21,5/18/2017,10
27,MOLISE,F,WIND_TUNNEL,OIL,Top,23,5/18/2017,10
28,MOLISE,M,WIND_TUNNEL,OIL,Top,29,5/18/2017,10
71,MOLISE,F,WIND_TUNNEL,PHEROMONE,Top,122,5/18/2017,10
72,MOLISE,M,WIND_TUNNEL,PHEROMONE,Top,48,5/18/2017,10
3,MOLISE,F,WIND_TUNNEL,CONTROL,Left,29,4/25/2017,2
4,MOLISE,M,WIND_TUNNEL,CONTROL,Top,31,4/25/2017,2
41,MOLISE,F,WIND_TUNNEL,OIL,Top,40,4/25/2017,2
42,MOLISE,M,WIND_TUNNEL,OIL,Top,29,4/25/2017,2
69,MOLISE,F,WIND_TUNNEL,PHEROMONE,Top,24,4/25/2017,2
70,MOLISE,M,WIND_TUNNEL,PHEROMONE,Top,33,4/25/2017,2
3,MOLISE,F,WIND_TUNNEL,CONTROL,Top,27,4/26/2017,3
4,MOLISE,M,WIND_TUNNEL,CONTROL,Top,22,4/26/2017,3
31,MOLISE,F,WIND_TUNNEL,PHEROMONE,Top,48,4/26/2017,3
32,MOLISE,M,WIND_TUNNEL,PHEROMONE,Bottom,8,4/26/2017,3
67,MOLISE,F,WIND_TUNNEL,OIL,Bottom,32,4/27/2017,3
68,MOLISE,M,WIND_TUNNEL,OIL,Top,25,4/27/2017,3
19,MOLISE,F,WIND_TUNNEL,CONTROL,Top,24,4/27/2017,4
20,MOLISE,M,WIND_TUNNEL,CONTROL,Top,27,4/27/2017,4
35,MOLISE,F,WIND_TUNNEL,PHEROMONE,Top,62,4/27/2017,4
36,MOLISE,M,WIND_TUNNEL,PHEROMONE,Top,47,4/27/2017,4
61,MOLISE,F,WIND_TUNNEL,OIL,Bottom,167,4/27/2017,4
62,MOLISE,M,WIND_TUNNEL,OIL,Top,64,4/27/2017,4
15,MOLISE,F,WIND_TUNNEL,CONTROL,Center,300,5/1/2017,5
16,MOLISE,M,WIND_TUNNEL,CONTROL,Left,25,5/1/2017,5
27,MOLISE,F,WIND_TUNNEL,OIL,Right,50,5/1/2017,5
28,MOLISE,M,WIND_TUNNEL,OIL,Left,83,5/1/2017,5
69,MOLISE,F,WIND_TUNNEL,PHEROMONE,Top,45,5/1/2017,5
70,MOLISE,M,WIND_TUNNEL,PHEROMONE,Center,300,5/1/2017,5
7,MOLISE,F,WIND_TUNNEL,CONTROL,Top,24,5/11/2017,6
8,MOLISE,M,WIND_TUNNEL,CONTROL,Top,20,5/11/2017,6
45,MOLISE,F,WIND_TUNNEL,OIL,Top,27,5/11/2017,6
46,MOLISE,M,WIND_TUNNEL,OIL,Top,23,5/11/2017,6
65,MOLISE,F,WIND_TUNNEL,PHEROMONE,Top,29,5/11/2017,6
66,MOLISE,M,WIND_TUNNEL,PHEROMONE,Top,27,5/11/2017,6
3,MOLISE,F,WIND_TUNNEL,CONTROL,Top,22,5/12/2017,7
4,MOLISE,M,WIND_TUNNEL,CONTROL,Top,39,5/12/2017,7
25,MOLISE,F,WIND_TUNNEL,OIL,Top,27,5/12/2017,7
26,MOLISE,M,WIND_TUNNEL,OIL,Top,74,5/12/2017,7
71,MOLISE,F,WIND_TUNNEL,PHEROMONE,Top,35,5/12/2017,7
72,MOLISE,M,WIND_TUNNEL,PHEROMONE,Top,28,5/12/2017,7
19,MOLISE,F,WIND_TUNNEL,CONTROL,Top,34,5/15/2017,8
20,MOLISE,M,WIND_TUNNEL,CONTROL,Top,21,5/15/2017,8
33,MOLISE,F,WIND_TUNNEL,PHEROMONE,Top,31,5/15/2017,8
34,MOLISE,M,WIND_TUNNEL,PHEROMONE,Top,28,5/15/2017,8
51,MOLISE,F,WIND_TUNNEL,OIL,Top,107,5/15/2017,8
52,MOLISE,M,WIND_TUNNEL,OIL,Top,34,5/15/2017,8
7,MOLISE,M,WIND_TUNNEL,CONTROL,Top,27,5/17/2017,9
8,MOLISE,F,WIND_TUNNEL,CONTROL,Top,33,5/17/2017,9
25,MOLISE,F,WIND_TUNNEL,OIL,Left,13,5/17/2017,9
26,MOLISE,M,WIND_TUNNEL,OIL,Bottom,4,5/17/2017,9
65,MOLISE,M,WIND_TUNNEL,PHEROMONE,Top,58,5/17/2017,9
66,MOLISE,F,WIND_TUNNEL,PHEROMONE,Top,34,5/17/2017,9
17,SOK4,F,WIND_TUNNEL,CONTROL,Top,26,4/24/2017,1
18,SOK4,M,WIND_TUNNEL,CONTROL,Top,183,4/24/2017,1
37,SOK4,F,WIND_TUNNEL,PHEROMONE,Top,56,4/24/2017,1
38,SOK4,M,WIND_TUNNEL,PHEROMONE,Top,85,4/24/2017,1
61,SOK4,F,WIND_TUNNEL,OIL,Top,50,4/24/2017,1
62,SOK4,M,WIND_TUNNEL,OIL,Top,53,4/24/2017,1
5,SOK4,F,WIND_TUNNEL,CONTROL,Top,56,5/18/2017,10
6,SOK4,M,WIND_TUNNEL,CONTROL,Top,43,5/18/2017,10
25,SOK4,M,WIND_TUNNEL,OIL,Top,40,5/18/2017,10
26,SOK4,F,WIND_TUNNEL,OIL,Top,33,5/18/2017,10
51,SOK4,M,WIND_TUNNEL,PHEROMONE,Top,63,5/18/2017,10
52,SOK4,F,WIND_TUNNEL,PHEROMONE,Top,34,5/18/2017,10
19,SOK4,F,WIND_TUNNEL,CONTROL,Right,21,4/25/2017,2
20,SOK4,M,WIND_TUNNEL,CONTROL,Left,16,4/25/2017,2
35,SOK4,F,WIND_TUNNEL,OIL,Top,33,4/25/2017,2
36,SOK4,M,WIND_TUNNEL,OIL,Top,80,4/25/2017,2
51,SOK4,F,WIND_TUNNEL,PHEROMONE,Top,60,4/25/2017,2
52,SOK4,M,WIND_TUNNEL,PHEROMONE,Top,58,4/25/2017,2
13,SOK4,F,WIND_TUNNEL,CONTROL,Top,57,4/26/2017,3
14,SOK4,M,WIND_TUNNEL,CONTROL,Bottom,14,4/26/2017,3
37,SOK4,F,WIND_TUNNEL,PHEROMONE,Top,31,4/26/2017,3
38,SOK4,M,WIND_TUNNEL,PHEROMONE,Top,56,4/26/2017,3
53,SOK4,F,WIND_TUNNEL,OIL,Top,38,4/27/2017,3
54,SOK4,M,WIND_TUNNEL,OIL,Top,101,4/27/2017,3
9,SOK4,F,WIND_TUNNEL,CONTROL,Top,48,4/27/2017,4
10,SOK4,M,WIND_TUNNEL,CONTROL,Top,36,4/27/2017,4
33,SOK4,F,WIND_TUNNEL,PHEROMONE,Top,69,4/27/2017,4
34,SOK4,M,WIND_TUNNEL,PHEROMONE,Top,47,4/27/2017,4
65,SOK4,F,WIND_TUNNEL,OIL,Bottom,88,4/27/2017,4
66,SOK4,M,WIND_TUNNEL,OIL,Top,52,4/27/2017,4
19,SOK4,F,WIND_TUNNEL,CONTROL,Top,161,5/1/2017,5
20,SOK4,M,WIND_TUNNEL,CONTROL,Top,48,5/1/2017,5
37,SOK4,F,WIND_TUNNEL,OIL,Top,81,5/1/2017,5
38,SOK4,M,WIND_TUNNEL,OIL,Top,33,5/1/2017,5
59,SOK4,F,WIND_TUNNEL,PHEROMONE,Top,73,5/1/2017,5
60,SOK4,M,WIND_TUNNEL,PHEROMONE,Top,95,5/1/2017,5
3,SOK4,F,WIND_TUNNEL,CONTROL,Bottom,39,5/11/2017,6
4,SOK4,M,WIND_TUNNEL,CONTROL,Center,300,5/11/2017,6
39,SOK4,F,WIND_TUNNEL,OIL,Top,70,5/11/2017,6
40,SOK4,M,WIND_TUNNEL,OIL,Top,20,5/11/2017,6
61,SOK4,F,WIND_TUNNEL,PHEROMONE,Top,51,5/11/2017,6
62,SOK4,M,WIND_TUNNEL,PHEROMONE,Top,55,5/11/2017,6
23,SOK4,F,WIND_TUNNEL,CONTROL,Top,68,5/12/2017,7
24,SOK4,M,WIND_TUNNEL,CONTROL,Top,56,5/12/2017,7
35,SOK4,F,WIND_TUNNEL,OIL,Bottom,19,5/12/2017,7
36,SOK4,M,WIND_TUNNEL,OIL,Left,65,5/12/2017,7
55,SOK4,F,WIND_TUNNEL,PHEROMONE,Top,122,5/12/2017,7
56,SOK4,M,WIND_TUNNEL,PHEROMONE,Top,69,5/12/2017,7
5,SOK4,F,WIND_TUNNEL,CONTROL,Right,25,5/15/2017,8
6,SOK4,M,WIND_TUNNEL,CONTROL,Right,47,5/15/2017,8
31,SOK4,F,WIND_TUNNEL,PHEROMONE,Top,67,5/15/2017,8
32,SOK4,M,WIND_TUNNEL,PHEROMONE,Top,61,5/15/2017,8
53,SOK4,F,WIND_TUNNEL,OIL,Top,56,5/15/2017,8
54,SOK4,M,WIND_TUNNEL,OIL,Top,182,5/15/2017,8
17,SOK4,F,WIND_TUNNEL,CONTROL,Bottom,101,5/17/2017,9
18,SOK4,M,WIND_TUNNEL,CONTROL,Left,102,5/17/2017,9
27,SOK4,M,WIND_TUNNEL,OIL,Bottom,92,5/17/2017,9
28,SOK4,F,WIND_TUNNEL,OIL,Top,31,5/17/2017,9
61,SOK4,M,WIND_TUNNEL,PHEROMONE,Right,13,5/17/2017,9
62,SOK4,F,WIND_TUNNEL,PHEROMONE,Right,17,5/17/2017,9
19,Z2,F,WIND_TUNNEL,CONTROL,Top,52,4/24/2017,1
20,Z2,M,WIND_TUNNEL,CONTROL,Right,20,4/24/2017,1
25,Z2,F,WIND_TUNNEL,PHEROMONE,Bottom,5,4/24/2017,1
26,Z2,M,WIND_TUNNEL,PHEROMONE,Bottom,11,4/24/2017,1
49,Z2,F,WIND_TUNNEL,OIL,Bottom,98,4/24/2017,1
50,Z2,M,WIND_TUNNEL,OIL,Bottom,15,4/24/2017,1
13,Z2,M,WIND_TUNNEL,CONTROL,Top,24,5/18/2017,10
14,Z2,F,WIND_TUNNEL,CONTROL,Right,15,5/18/2017,10
47,Z2,M,WIND_TUNNEL,OIL,Top,41,5/18/2017,10
48,Z2,F,WIND_TUNNEL,OIL,Right,21,5/18/2017,10
69,Z2,F,WIND_TUNNEL,PHEROMONE,Top,41,5/18/2017,10
70,Z2,M,WIND_TUNNEL,PHEROMONE,Left,169,5/18/2017,10
1,Z2,F,WIND_TUNNEL,CONTROL,Top,34,4/25/2017,2
2,Z2,M,WIND_TUNNEL,CONTROL,Top,49,4/25/2017,2
25,Z2,F,WIND_TUNNEL,OIL,Top,38,4/25/2017,2
26,Z2,M,WIND_TUNNEL,OIL,Top,44,4/25/2017,2
49,Z2,F,WIND_TUNNEL,PHEROMONE,Top,52,4/25/2017,2
50,Z2,M,WIND_TUNNEL,PHEROMONE,Right,36,4/25/2017,2
1,Z2,F,WIND_TUNNEL,CONTROL,Right,14,4/26/2017,3
2,Z2,M,WIND_TUNNEL,CONTROL,Bottom,179,4/26/2017,3
25,Z2,F,WIND_TUNNEL,PHEROMONE,Top,69,4/26/2017,3
26,Z2,M,WIND_TUNNEL,PHEROMONE,Bottom,18,4/26/2017,3
49,Z2,F,WIND_TUNNEL,OIL,Top,143,4/27/2017,3
50,Z2,M,WIND_TUNNEL,OIL,Top,53,4/27/2017,3
1,Z2,F,WIND_TUNNEL,CONTROL,Bottom,30,4/27/2017,4
2,Z2,M,WIND_TUNNEL,CONTROL,Bottom,265,4/27/2017,4
37,Z2,F,WIND_TUNNEL,PHEROMONE,Top,74,4/27/2017,4
38,Z2,M,WIND_TUNNEL,PHEROMONE,Top,184,4/27/2017,4
49,Z2,F,WIND_TUNNEL,OIL,Bottom,42,4/27/2017,4
50,Z2,M,WIND_TUNNEL,OIL,Top,217,4/27/2017,4
1,Z2,F,WIND_TUNNEL,CONTROL,Top,300,5/1/2017,5
2,Z2,M,WIND_TUNNEL,CONTROL,Left,164,5/1/2017,5
25,Z2,F,WIND_TUNNEL,OIL,Right,198,5/1/2017,5
26,Z2,M,WIND_TUNNEL,OIL,Top,215,5/1/2017,5
49,Z2,F,WIND_TUNNEL,PHEROMONE,Top,256,5/1/2017,5
50,Z2,M,WIND_TUNNEL,PHEROMONE,Top,196,5/1/2017,5
9,Z2,F,WIND_TUNNEL,CONTROL,Bottom,47,5/11/2017,6
10,Z2,M,WIND_TUNNEL,CONTROL,Top,58,5/11/2017,6
35,Z2,F,WIND_TUNNEL,OIL,Left,58,5/11/2017,6
36,Z2,M,WIND_TUNNEL,OIL,Left,16,5/11/2017,6
67,Z2,F,WIND_TUNNEL,PHEROMONE,Top,30,5/11/2017,6
68,Z2,M,WIND_TUNNEL,PHEROMONE,Bottom,11,5/11/2017,6
13,Z2,F,WIND_TUNNEL,CONTROL,Top,41,5/12/2017,7
14,Z2,M,WIND_TUNNEL,CONTROL,Top,33,5/12/2017,7
27,Z2,F,WIND_TUNNEL,OIL,Bottom,17,5/12/2017,7
28,Z2,M,WIND_TUNNEL,OIL,Bottom,47,5/12/2017,7
69,Z2,F,WIND_TUNNEL,PHEROMONE,Right,20,5/12/2017,7
70,Z2,M,WIND_TUNNEL,PHEROMONE,Bottom,36,5/12/2017,7
1,Z2,F,WIND_TUNNEL,CONTROL,Top,121,5/15/2017,8
2,Z2,M,WIND_TUNNEL,CONTROL,Bottom,79,5/15/2017,8
47,Z2,F,WIND_TUNNEL,PHEROMONE,Top,38,5/15/2017,8
48,Z2,M,WIND_TUNNEL,PHEROMONE,Top,142,5/15/2017,8
67,Z2,F,WIND_TUNNEL,OIL,Top,57,5/15/2017,8
68,Z2,M,WIND_TUNNEL,OIL,Top,58,5/15/2017,8
11,Z2,M,WIND_TUNNEL,CONTROL,Top,61,5/17/2017,9
12,Z2,F,WIND_TUNNEL,CONTROL,Top,56,5/17/2017,9
29,Z2,F,WIND_TUNNEL,OIL,Right,56,5/17/2017,9
30,Z2,M,WIND_TUNNEL,OIL,Bottom,23,5/17/2017,9
51,Z2,M,WIND_TUNNEL,PHEROMONE,Top,157,5/17/2017,9
52,Z2,F,WIND_TUNNEL,PHEROMONE,Left,24,5/17/2017,9
7,Z4,F,WIND_TUNNEL,CONTROL,Top,50,4/24/2017,1
8,Z4,M,WIND_TUNNEL,CONTROL,Top,27,4/24/2017,1
39,Z4,F,WIND_TUNNEL,PHEROMONE,Bottom,21,4/24/2017,1
40,Z4,M,WIND_TUNNEL,PHEROMONE,Top,33,4/24/2017,1
59,Z4,F,WIND_TUNNEL,OIL,Top,29,4/24/2017,1
60,Z4,M,WIND_TUNNEL,OIL,Top,21,4/24/2017,1
7,Z4,M,WIND_TUNNEL,CONTROL,Right,37,5/18/2017,10
8,Z4,F,WIND_TUNNEL,CONTROL,Top,55,5/18/2017,10
45,Z4,M,WIND_TUNNEL,OIL,Bottom,13,5/18/2017,10
46,Z4,F,WIND_TUNNEL,OIL,Top,23,5/18/2017,10
61,Z4,M,WIND_TUNNEL,PHEROMONE,Bottom,13,5/18/2017,10
62,Z4,F,WIND_TUNNEL,PHEROMONE,Top,41,5/18/2017,10
23,Z4,F,WIND_TUNNEL,CONTROL,Top,58,4/25/2017,2
24,Z4,M,WIND_TUNNEL,CONTROL,Left,54,4/25/2017,2
29,Z4,F,WIND_TUNNEL,OIL,Right,17,4/25/2017,2
30,Z4,M,WIND_TUNNEL,OIL,Top,46,4/25/2017,2
61,Z4,F,WIND_TUNNEL,PHEROMONE,Top,59,4/25/2017,2
62,Z4,M,WIND_TUNNEL,PHEROMONE,Top,44,4/25/2017,2
11,Z4,F,WIND_TUNNEL,CONTROL,Right,65,4/26/2017,3
12,Z4,M,WIND_TUNNEL,CONTROL,Top,58,4/26/2017,3
35,Z4,F,WIND_TUNNEL,PHEROMONE,Top,66,4/26/2017,3
36,Z4,M,WIND_TUNNEL,PHEROMONE,Top,51,4/26/2017,3
57,Z4,F,WIND_TUNNEL,OIL,Top,55,4/27/2017,3
58,Z4,M,WIND_TUNNEL,OIL,Bottom,22,4/27/2017,3
15,Z4,F,WIND_TUNNEL,CONTROL,Top,59,4/27/2017,4
16,Z4,M,WIND_TUNNEL,CONTROL,Right,54,4/27/2017,4
43,Z4,F,WIND_TUNNEL,PHEROMONE,Top,63,4/27/2017,4
44,Z4,M,WIND_TUNNEL,PHEROMONE,Top,48,4/27/2017,4
51,Z4,F,WIND_TUNNEL,OIL,Right,243,4/27/2017,4
52,Z4,M,WIND_TUNNEL,OIL,Top,44,4/27/2017,4
21,Z4,F,WIND_TUNNEL,CONTROL,Center,300,5/1/2017,5
22,Z4,M,WIND_TUNNEL,CONTROL,Top,79,5/1/2017,5
33,Z4,F,WIND_TUNNEL,OIL,Top,46,5/1/2017,5
34,Z4,M,WIND_TUNNEL,OIL,Right,79,5/1/2017,5
51,Z4,F,WIND_TUNNEL,PHEROMONE,Left,136,5/1/2017,5
52,Z4,M,WIND_TUNNEL,PHEROMONE,Center,300,5/1/2017,5
1,Z4,F,WIND_TUNNEL,CONTROL,Bottom,26,5/11/2017,6
2,Z4,M,WIND_TUNNEL,CONTROL,Top,36,5/11/2017,6
47,Z4,F,WIND_TUNNEL,OIL,Top,50,5/11/2017,6
48,Z4,M,WIND_TUNNEL,OIL,Top,43,5/11/2017,6
53,Z4,F,WIND_TUNNEL,PHEROMONE,Bottom,22,5/11/2017,6
54,Z4,M,WIND_TUNNEL,PHEROMONE,Right,41,5/11/2017,6
17,Z4,F,WIND_TUNNEL,CONTROL,Top,39,5/12/2017,7
18,Z4,M,WIND_TUNNEL,CONTROL,Top,35,5/12/2017,7
33,Z4,F,WIND_TUNNEL,OIL,Top,47,5/12/2017,7
34,Z4,M,WIND_TUNNEL,OIL,Top,24,5/12/2017,7
57,Z4,F,WIND_TUNNEL,PHEROMONE,Top,62,5/12/2017,7
58,Z4,M,WIND_TUNNEL,PHEROMONE,Top,40,5/12/2017,7
11,Z4,F,WIND_TUNNEL,CONTROL,Top,32,5/15/2017,8
12,Z4,M,WIND_TUNNEL,CONTROL,Top,29,5/15/2017,8
43,Z4,F,WIND_TUNNEL,PHEROMONE,Top,25,5/15/2017,8
44,Z4,M,WIND_TUNNEL,PHEROMONE,Top,58,5/15/2017,8
63,Z4,F,WIND_TUNNEL,OIL,Right,32,5/15/2017,8
64,Z4,M,WIND_TUNNEL,OIL,Top,45,5/15/2017,8
3,Z4,F,WIND_TUNNEL,CONTROL,Bottom,51,5/17/2017,9
4,Z4,M,WIND_TUNNEL,CONTROL,Bottom,54,5/17/2017,9
37,Z4,M,WIND_TUNNEL,OIL,Top,58,5/17/2017,9
38,Z4,F,WIND_TUNNEL,OIL,Top,41,5/17/2017,9
53,Z4,F,WIND_TUNNEL,PHEROMONE,Top,82,5/17/2017,9
54,Z4,M,WIND_TUNNEL,PHEROMONE,Top,154,5/17/2017,9
